{
    "layer1": 6.197096227257457,
    "inputseq": 6.232795833436069
}