{
    "layer1": 6.206521121634553,
    "inputseq": 6.231613554070328
}