{
    "layer1": 6.19692969085365,
    "inputseq": 6.226656961756826
}