{
    "layer1": 6.263446202420241,
    "inputseq": 6.301093919624556
}