{
    "layer1": 6.233474900943554,
    "inputseq": 6.289170020068718
}