{
    "layer1": 6.237722678058195,
    "inputseq": 6.263169205109804
}