{
    "layer1": 5.879600524902344,
    "inputseq": 6.100516893374209
}