{
    "layer1": 5.856456274307327,
    "inputseq": 6.074725811686736
}