{
    "layer1": 5.874935235724544,
    "inputseq": 6.034550668624853
}